measurement_id,gas_class
G_B10_0001,5
G_B10_0002,5
G_B10_0003,5
G_B10_0004,5
G_B10_0005,5
G_B10_0006,5
G_B10_0007,5
G_B10_0008,5
G_B10_0009,5
G_B10_0010,5
G_B10_0011,5
G_B10_0012,5
G_B10_0013,5
G_B10_0014,5
G_B10_0015,5
G_B10_0016,5
G_B10_0017,5
G_B10_0018,5
G_B10_0019,5
G_B10_0020,5
G_B10_0021,5
G_B10_0022,5
G_B10_0023,5
G_B10_0024,5
G_B10_0025,5
G_B10_0026,5
G_B10_0027,5
G_B10_0028,5
G_B10_0029,5
G_B10_0030,5
G_B10_0031,5
G_B10_0032,5
G_B10_0033,5
G_B10_0034,5
G_B10_0035,5
G_B10_0036,5
G_B10_0037,5
G_B10_0038,5
G_B10_0039,5
G_B10_0040,5
G_B10_0041,5
G_B10_0042,5
G_B10_0043,5
G_B10_0044,5
G_B10_0045,5
G_B10_0046,5
G_B10_0047,5
G_B10_0048,5
G_B10_0049,5
G_B10_0050,5
G_B10_0051,5
G_B10_0052,5
G_B10_0053,5
G_B10_0054,5
G_B10_0055,5
G_B10_0056,5
G_B10_0057,5
G_B10_0058,5
G_B10_0059,5
G_B10_0060,5
G_B10_0061,5
G_B10_0062,5
G_B10_0063,5
G_B10_0064,5
G_B10_0065,5
G_B10_0066,5
G_B10_0067,5
G_B10_0068,5
G_B10_0069,5
G_B10_0070,5
G_B10_0071,5
G_B10_0072,5
G_B10_0073,5
G_B10_0074,5
G_B10_0075,5
G_B10_0076,5
G_B10_0077,5
G_B10_0078,5
G_B10_0079,5
G_B10_0080,5
G_B10_0081,5
G_B10_0082,5
G_B10_0083,5
G_B10_0084,5
G_B10_0085,5
G_B10_0086,5
G_B10_0087,5
G_B10_0088,5
G_B10_0089,5
G_B10_0090,5
G_B10_0091,5
G_B10_0092,5
G_B10_0093,5
G_B10_0094,5
G_B10_0095,5
G_B10_0096,5
G_B10_0097,5
G_B10_0098,5
G_B10_0099,5
G_B10_0100,5
G_B10_0101,5
G_B10_0102,5
G_B10_0103,5
G_B10_0104,5
G_B10_0105,5
G_B10_0106,5
G_B10_0107,5
G_B10_0108,5
G_B10_0109,5
G_B10_0110,5
G_B10_0111,5
G_B10_0112,5
G_B10_0113,5
G_B10_0114,5
G_B10_0115,5
G_B10_0116,5
G_B10_0117,5
G_B10_0118,5
G_B10_0119,5
G_B10_0120,5
G_B10_0121,5
G_B10_0122,5
G_B10_0123,5
G_B10_0124,5
G_B10_0125,5
G_B10_0126,5
G_B10_0127,5
G_B10_0128,5
G_B10_0129,5
G_B10_0130,5
G_B10_0131,5
G_B10_0132,5
G_B10_0133,5
G_B10_0134,5
G_B10_0135,5
G_B10_0136,5
G_B10_0137,5
G_B10_0138,5
G_B10_0139,5
G_B10_0140,5
G_B10_0141,5
G_B10_0142,5
G_B10_0143,5
G_B10_0144,5
G_B10_0145,5
G_B10_0146,5
G_B10_0147,5
G_B10_0148,5
G_B10_0149,5
G_B10_0150,5
G_B10_0151,5
G_B10_0152,5
G_B10_0153,5
G_B10_0154,5
G_B10_0155,5
G_B10_0156,5
G_B10_0157,5
G_B10_0158,5
G_B10_0159,5
G_B10_0160,5
G_B10_0161,5
G_B10_0162,5
G_B10_0163,5
G_B10_0164,5
G_B10_0165,5
G_B10_0166,5
G_B10_0167,5
G_B10_0168,5
G_B10_0169,5
G_B10_0170,5
G_B10_0171,5
G_B10_0172,5
G_B10_0173,5
G_B10_0174,5
G_B10_0175,5
G_B10_0176,5
G_B10_0177,5
G_B10_0178,5
G_B10_0179,5
G_B10_0180,5
G_B10_0181,5
G_B10_0182,5
G_B10_0183,5
G_B10_0184,5
G_B10_0185,5
G_B10_0186,5
G_B10_0187,5
G_B10_0188,5
G_B10_0189,5
G_B10_0190,5
G_B10_0191,5
G_B10_0192,5
G_B10_0193,5
G_B10_0194,5
G_B10_0195,5
G_B10_0196,5
G_B10_0197,5
G_B10_0198,5
G_B10_0199,5
G_B10_0200,5
G_B10_0201,5
G_B10_0202,5
G_B10_0203,5
G_B10_0204,5
G_B10_0205,5
G_B10_0206,5
G_B10_0207,5
G_B10_0208,5
G_B10_0209,5
G_B10_0210,5
G_B10_0211,5
G_B10_0212,5
G_B10_0213,5
G_B10_0214,5
G_B10_0215,5
G_B10_0216,5
G_B10_0217,5
G_B10_0218,5
G_B10_0219,5
G_B10_0220,5
G_B10_0221,5
G_B10_0222,5
G_B10_0223,5
G_B10_0224,5
G_B10_0225,5
G_B10_0226,5
G_B10_0227,5
G_B10_0228,5
G_B10_0229,5
G_B10_0230,5
G_B10_0231,5
G_B10_0232,5
G_B10_0233,5
G_B10_0234,5
G_B10_0235,5
G_B10_0236,5
G_B10_0237,5
G_B10_0238,5
G_B10_0239,5
G_B10_0240,5
G_B10_0241,5
G_B10_0242,5
G_B10_0243,5
G_B10_0244,5
G_B10_0245,5
G_B10_0246,5
G_B10_0247,5
G_B10_0248,5
G_B10_0249,5
G_B10_0250,5
G_B10_0251,5
G_B10_0252,5
G_B10_0253,5
G_B10_0254,5
G_B10_0255,5
G_B10_0256,5
G_B10_0257,5
G_B10_0258,5
G_B10_0259,5
G_B10_0260,5
G_B10_0261,5
G_B10_0262,5
G_B10_0263,5
G_B10_0264,5
G_B10_0265,5
G_B10_0266,5
G_B10_0267,5
G_B10_0268,5
G_B10_0269,5
G_B10_0270,5
G_B10_0271,5
G_B10_0272,5
G_B10_0273,5
G_B10_0274,5
G_B10_0275,5
G_B10_0276,5
G_B10_0277,5
G_B10_0278,5
G_B10_0279,5
G_B10_0280,5
G_B10_0281,5
G_B10_0282,5
G_B10_0283,5
G_B10_0284,5
G_B10_0285,5
G_B10_0286,5
G_B10_0287,5
G_B10_0288,5
G_B10_0289,5
G_B10_0290,5
G_B10_0291,5
G_B10_0292,5
G_B10_0293,5
G_B10_0294,5
G_B10_0295,5
G_B10_0296,5
G_B10_0297,5
G_B10_0298,5
G_B10_0299,5
G_B10_0300,5
G_B10_0301,5
G_B10_0302,5
G_B10_0303,5
G_B10_0304,5
G_B10_0305,5
G_B10_0306,5
G_B10_0307,5
G_B10_0308,5
G_B10_0309,5
G_B10_0310,5
G_B10_0311,5
G_B10_0312,5
G_B10_0313,5
G_B10_0314,5
G_B10_0315,5
G_B10_0316,5
G_B10_0317,5
G_B10_0318,5
G_B10_0319,5
G_B10_0320,5
G_B10_0321,5
G_B10_0322,5
G_B10_0323,5
G_B10_0324,5
G_B10_0325,5
G_B10_0326,5
G_B10_0327,5
G_B10_0328,5
G_B10_0329,5
G_B10_0330,5
G_B10_0331,5
G_B10_0332,5
G_B10_0333,5
G_B10_0334,5
G_B10_0335,5
G_B10_0336,5
G_B10_0337,5
G_B10_0338,5
G_B10_0339,5
G_B10_0340,5
G_B10_0341,5
G_B10_0342,5
G_B10_0343,5
G_B10_0344,5
G_B10_0345,5
G_B10_0346,5
G_B10_0347,5
G_B10_0348,5
G_B10_0349,5
G_B10_0350,5
G_B10_0351,5
G_B10_0352,5
G_B10_0353,5
G_B10_0354,5
G_B10_0355,5
G_B10_0356,5
G_B10_0357,5
G_B10_0358,5
G_B10_0359,5
G_B10_0360,5
G_B10_0361,5
G_B10_0362,5
G_B10_0363,5
G_B10_0364,5
G_B10_0365,5
G_B10_0366,5
G_B10_0367,5
G_B10_0368,5
G_B10_0369,5
G_B10_0370,5
G_B10_0371,5
G_B10_0372,5
G_B10_0373,5
G_B10_0374,5
G_B10_0375,5
G_B10_0376,5
G_B10_0377,5
G_B10_0378,5
G_B10_0379,5
G_B10_0380,5
G_B10_0381,5
G_B10_0382,5
G_B10_0383,5
G_B10_0384,5
G_B10_0385,5
G_B10_0386,5
G_B10_0387,5
G_B10_0388,5
G_B10_0389,5
G_B10_0390,5
G_B10_0391,5
G_B10_0392,5
G_B10_0393,5
G_B10_0394,5
G_B10_0395,5
G_B10_0396,5
G_B10_0397,5
G_B10_0398,5
G_B10_0399,5
G_B10_0400,5
G_B10_0401,5
G_B10_0402,5
G_B10_0403,5
G_B10_0404,5
G_B10_0405,5
G_B10_0406,5
G_B10_0407,5
G_B10_0408,5
G_B10_0409,5
G_B10_0410,5
G_B10_0411,5
G_B10_0412,5
G_B10_0413,5
G_B10_0414,5
G_B10_0415,5
G_B10_0416,5
G_B10_0417,5
G_B10_0418,5
G_B10_0419,5
G_B10_0420,5
G_B10_0421,5
G_B10_0422,5
G_B10_0423,5
G_B10_0424,5
G_B10_0425,5
G_B10_0426,5
G_B10_0427,5
G_B10_0428,5
G_B10_0429,5
G_B10_0430,5
G_B10_0431,5
G_B10_0432,5
G_B10_0433,5
G_B10_0434,5
G_B10_0435,5
G_B10_0436,5
G_B10_0437,5
G_B10_0438,5
G_B10_0439,5
G_B10_0440,5
G_B10_0441,5
G_B10_0442,5
G_B10_0443,5
G_B10_0444,5
G_B10_0445,5
G_B10_0446,5
G_B10_0447,5
G_B10_0448,5
G_B10_0449,5
G_B10_0450,5
G_B10_0451,5
G_B10_0452,5
G_B10_0453,5
G_B10_0454,5
G_B10_0455,5
G_B10_0456,5
G_B10_0457,5
G_B10_0458,5
G_B10_0459,5
G_B10_0460,5
G_B10_0461,5
G_B10_0462,5
G_B10_0463,5
G_B10_0464,5
G_B10_0465,5
G_B10_0466,5
G_B10_0467,5
G_B10_0468,5
G_B10_0469,5
G_B10_0470,5
G_B10_0471,5
G_B10_0472,5
G_B10_0473,5
G_B10_0474,5
G_B10_0475,5
G_B10_0476,5
G_B10_0477,5
G_B10_0478,5
G_B10_0479,5
G_B10_0480,5
G_B10_0481,5
G_B10_0482,5
G_B10_0483,5
G_B10_0484,5
G_B10_0485,5
G_B10_0486,5
G_B10_0487,5
G_B10_0488,5
G_B10_0489,5
G_B10_0490,5
G_B10_0491,5
G_B10_0492,5
G_B10_0493,5
G_B10_0494,5
G_B10_0495,5
G_B10_0496,5
G_B10_0497,5
G_B10_0498,5
G_B10_0499,5
G_B10_0500,5
G_B10_0501,5
G_B10_0502,5
G_B10_0503,5
G_B10_0504,5
G_B10_0505,5
G_B10_0506,5
G_B10_0507,5
G_B10_0508,5
G_B10_0509,5
G_B10_0510,5
G_B10_0511,5
G_B10_0512,5
G_B10_0513,5
G_B10_0514,5
G_B10_0515,5
G_B10_0516,5
G_B10_0517,5
G_B10_0518,5
G_B10_0519,5
G_B10_0520,5
G_B10_0521,5
G_B10_0522,5
G_B10_0523,5
G_B10_0524,5
G_B10_0525,5
G_B10_0526,5
G_B10_0527,5
G_B10_0528,5
G_B10_0529,5
G_B10_0530,5
G_B10_0531,5
G_B10_0532,5
G_B10_0533,5
G_B10_0534,5
G_B10_0535,5
G_B10_0536,5
G_B10_0537,5
G_B10_0538,5
G_B10_0539,5
G_B10_0540,5
G_B10_0541,5
G_B10_0542,5
G_B10_0543,5
G_B10_0544,5
G_B10_0545,5
G_B10_0546,5
G_B10_0547,5
G_B10_0548,5
G_B10_0549,5
G_B10_0550,5
G_B10_0551,5
G_B10_0552,5
G_B10_0553,5
G_B10_0554,5
G_B10_0555,5
G_B10_0556,5
G_B10_0557,5
G_B10_0558,5
G_B10_0559,5
G_B10_0560,5
G_B10_0561,5
G_B10_0562,5
G_B10_0563,5
G_B10_0564,5
G_B10_0565,5
G_B10_0566,5
G_B10_0567,5
G_B10_0568,5
G_B10_0569,5
G_B10_0570,5
G_B10_0571,5
G_B10_0572,5
G_B10_0573,5
G_B10_0574,5
G_B10_0575,5
G_B10_0576,5
G_B10_0577,5
G_B10_0578,5
G_B10_0579,5
G_B10_0580,5
G_B10_0581,5
G_B10_0582,5
G_B10_0583,5
G_B10_0584,5
G_B10_0585,5
G_B10_0586,5
G_B10_0587,5
G_B10_0588,5
G_B10_0589,5
G_B10_0590,5
G_B10_0591,5
G_B10_0592,5
G_B10_0593,5
G_B10_0594,5
G_B10_0595,5
G_B10_0596,5
G_B10_0597,5
G_B10_0598,5
G_B10_0599,5
G_B10_0600,5
G_B10_0601,5
G_B10_0602,5
G_B10_0603,5
G_B10_0604,5
G_B10_0605,5
G_B10_0606,5
G_B10_0607,5
G_B10_0608,5
G_B10_0609,5
G_B10_0610,5
G_B10_0611,5
G_B10_0612,5
G_B10_0613,5
G_B10_0614,5
G_B10_0615,5
G_B10_0616,5
G_B10_0617,5
G_B10_0618,5
G_B10_0619,5
G_B10_0620,5
G_B10_0621,5
G_B10_0622,5
G_B10_0623,5
G_B10_0624,5
G_B10_0625,5
G_B10_0626,5
G_B10_0627,5
G_B10_0628,5
G_B10_0629,5
G_B10_0630,5
G_B10_0631,5
G_B10_0632,5
G_B10_0633,5
G_B10_0634,5
G_B10_0635,5
G_B10_0636,5
G_B10_0637,5
G_B10_0638,5
G_B10_0639,5
G_B10_0640,5
G_B10_0641,5
G_B10_0642,5
G_B10_0643,5
G_B10_0644,5
G_B10_0645,5
G_B10_0646,5
G_B10_0647,5
G_B10_0648,5
G_B10_0649,5
G_B10_0650,5
G_B10_0651,5
G_B10_0652,5
G_B10_0653,5
G_B10_0654,5
G_B10_0655,5
G_B10_0656,5
G_B10_0657,5
G_B10_0658,5
G_B10_0659,5
G_B10_0660,5
G_B10_0661,5
G_B10_0662,5
G_B10_0663,5
G_B10_0664,5
G_B10_0665,5
G_B10_0666,5
G_B10_0667,5
G_B10_0668,5
G_B10_0669,5
G_B10_0670,5
G_B10_0671,5
G_B10_0672,5
G_B10_0673,5
G_B10_0674,5
G_B10_0675,5
G_B10_0676,5
G_B10_0677,5
G_B10_0678,5
G_B10_0679,5
G_B10_0680,5
G_B10_0681,5
G_B10_0682,5
G_B10_0683,5
G_B10_0684,5
G_B10_0685,5
G_B10_0686,5
G_B10_0687,5
G_B10_0688,5
G_B10_0689,5
G_B10_0690,5
G_B10_0691,5
G_B10_0692,5
G_B10_0693,5
G_B10_0694,5
G_B10_0695,5
G_B10_0696,5
G_B10_0697,5
G_B10_0698,5
G_B10_0699,5
G_B10_0700,5
G_B10_0701,5
G_B10_0702,5
G_B10_0703,5
G_B10_0704,5
G_B10_0705,5
G_B10_0706,5
G_B10_0707,5
G_B10_0708,5
G_B10_0709,5
G_B10_0710,5
G_B10_0711,5
G_B10_0712,5
G_B10_0713,5
G_B10_0714,5
G_B10_0715,5
G_B10_0716,5
G_B10_0717,5
G_B10_0718,5
G_B10_0719,5
G_B10_0720,5
G_B10_0721,5
G_B10_0722,5
G_B10_0723,5
G_B10_0724,5
G_B10_0725,5
G_B10_0726,5
G_B10_0727,5
G_B10_0728,5
G_B10_0729,5
G_B10_0730,5
G_B10_0731,5
G_B10_0732,5
G_B10_0733,5
G_B10_0734,5
G_B10_0735,5
G_B10_0736,5
G_B10_0737,5
G_B10_0738,5
G_B10_0739,5
G_B10_0740,5
G_B10_0741,5
G_B10_0742,5
G_B10_0743,5
G_B10_0744,5
G_B10_0745,5
G_B10_0746,5
G_B10_0747,5
G_B10_0748,5
G_B10_0749,5
G_B10_0750,5
G_B10_0751,5
G_B10_0752,5
G_B10_0753,5
G_B10_0754,5
G_B10_0755,5
G_B10_0756,5
G_B10_0757,5
G_B10_0758,5
G_B10_0759,5
G_B10_0760,5
G_B10_0761,5
G_B10_0762,5
G_B10_0763,5
G_B10_0764,5
G_B10_0765,5
G_B10_0766,5
G_B10_0767,5
G_B10_0768,5
G_B10_0769,5
G_B10_0770,5
G_B10_0771,5
G_B10_0772,5
G_B10_0773,5
G_B10_0774,5
G_B10_0775,5
G_B10_0776,5
G_B10_0777,5
G_B10_0778,5
G_B10_0779,5
G_B10_0780,5
G_B10_0781,5
G_B10_0782,5
G_B10_0783,5
G_B10_0784,5
G_B10_0785,5
G_B10_0786,5
G_B10_0787,5
G_B10_0788,5
G_B10_0789,5
G_B10_0790,5
G_B10_0791,5
G_B10_0792,5
G_B10_0793,5
G_B10_0794,5
G_B10_0795,5
G_B10_0796,5
G_B10_0797,5
G_B10_0798,5
G_B10_0799,5
G_B10_0800,5
G_B10_0801,5
G_B10_0802,5
G_B10_0803,5
G_B10_0804,5
G_B10_0805,5
G_B10_0806,5
G_B10_0807,5
G_B10_0808,5
G_B10_0809,5
G_B10_0810,5
G_B10_0811,5
G_B10_0812,5
G_B10_0813,5
G_B10_0814,5
G_B10_0815,5
G_B10_0816,5
G_B10_0817,5
G_B10_0818,5
G_B10_0819,5
G_B10_0820,5
G_B10_0821,5
G_B10_0822,5
G_B10_0823,5
G_B10_0824,5
G_B10_0825,5
G_B10_0826,5
G_B10_0827,5
G_B10_0828,5
G_B10_0829,5
G_B10_0830,5
G_B10_0831,5
G_B10_0832,5
G_B10_0833,5
G_B10_0834,5
G_B10_0835,5
G_B10_0836,5
G_B10_0837,5
G_B10_0838,5
G_B10_0839,5
G_B10_0840,5
G_B10_0841,5
G_B10_0842,5
G_B10_0843,5
G_B10_0844,5
G_B10_0845,5
G_B10_0846,5
G_B10_0847,5
G_B10_0848,5
G_B10_0849,5
G_B10_0850,5
G_B10_0851,5
G_B10_0852,5
G_B10_0853,5
G_B10_0854,5
G_B10_0855,5
G_B10_0856,5
G_B10_0857,5
G_B10_0858,5
G_B10_0859,5
G_B10_0860,5
G_B10_0861,5
G_B10_0862,5
G_B10_0863,5
G_B10_0864,5
G_B10_0865,5
G_B10_0866,5
G_B10_0867,5
G_B10_0868,5
G_B10_0869,5
G_B10_0870,5
G_B10_0871,5
G_B10_0872,5
G_B10_0873,5
G_B10_0874,5
G_B10_0875,5
G_B10_0876,5
G_B10_0877,5
G_B10_0878,5
G_B10_0879,5
G_B10_0880,5
G_B10_0881,5
G_B10_0882,5
G_B10_0883,5
G_B10_0884,5
G_B10_0885,5
G_B10_0886,5
G_B10_0887,5
G_B10_0888,5
G_B10_0889,5
G_B10_0890,5
G_B10_0891,5
G_B10_0892,5
G_B10_0893,5
G_B10_0894,5
G_B10_0895,5
G_B10_0896,5
G_B10_0897,5
G_B10_0898,5
G_B10_0899,5
G_B10_0900,5
G_B10_0901,5
G_B10_0902,5
G_B10_0903,5
G_B10_0904,5
G_B10_0905,5
G_B10_0906,5
G_B10_0907,5
G_B10_0908,5
G_B10_0909,5
G_B10_0910,5
G_B10_0911,5
G_B10_0912,5
G_B10_0913,5
G_B10_0914,5
G_B10_0915,5
G_B10_0916,5
G_B10_0917,5
G_B10_0918,5
G_B10_0919,5
G_B10_0920,5
G_B10_0921,5
G_B10_0922,5
G_B10_0923,5
G_B10_0924,5
G_B10_0925,5
G_B10_0926,5
G_B10_0927,5
G_B10_0928,5
G_B10_0929,5
G_B10_0930,5
G_B10_0931,5
G_B10_0932,5
G_B10_0933,5
G_B10_0934,5
G_B10_0935,5
G_B10_0936,5
G_B10_0937,5
G_B10_0938,5
G_B10_0939,5
G_B10_0940,5
G_B10_0941,5
G_B10_0942,5
G_B10_0943,5
G_B10_0944,5
G_B10_0945,5
G_B10_0946,5
G_B10_0947,5
G_B10_0948,5
G_B10_0949,5
G_B10_0950,5
G_B10_0951,5
G_B10_0952,5
G_B10_0953,5
G_B10_0954,5
G_B10_0955,5
G_B10_0956,5
G_B10_0957,5
G_B10_0958,5
G_B10_0959,5
G_B10_0960,5
G_B10_0961,5
G_B10_0962,5
G_B10_0963,5
G_B10_0964,5
G_B10_0965,5
G_B10_0966,5
G_B10_0967,5
G_B10_0968,5
G_B10_0969,5
G_B10_0970,5
G_B10_0971,5
G_B10_0972,5
G_B10_0973,5
G_B10_0974,5
G_B10_0975,5
G_B10_0976,5
G_B10_0977,5
G_B10_0978,5
G_B10_0979,5
G_B10_0980,5
G_B10_0981,5
G_B10_0982,5
G_B10_0983,5
G_B10_0984,5
G_B10_0985,5
G_B10_0986,5
G_B10_0987,5
G_B10_0988,5
G_B10_0989,5
G_B10_0990,5
G_B10_0991,5
G_B10_0992,5
G_B10_0993,5
G_B10_0994,5
G_B10_0995,5
G_B10_0996,5
G_B10_0997,5
G_B10_0998,5
G_B10_0999,5
G_B10_1000,5
G_B10_1001,5
G_B10_1002,5
G_B10_1003,5
G_B10_1004,5
G_B10_1005,5
G_B10_1006,5
G_B10_1007,5
G_B10_1008,5
G_B10_1009,5
G_B10_1010,5
G_B10_1011,5
G_B10_1012,5
G_B10_1013,5
G_B10_1014,5
G_B10_1015,5
G_B10_1016,5
G_B10_1017,5
G_B10_1018,5
G_B10_1019,5
G_B10_1020,5
G_B10_1021,5
G_B10_1022,5
G_B10_1023,5
G_B10_1024,5
G_B10_1025,5
G_B10_1026,5
G_B10_1027,5
G_B10_1028,5
G_B10_1029,5
G_B10_1030,5
G_B10_1031,5
G_B10_1032,5
G_B10_1033,5
G_B10_1034,5
G_B10_1035,5
G_B10_1036,5
G_B10_1037,5
G_B10_1038,5
G_B10_1039,5
G_B10_1040,5
G_B10_1041,5
G_B10_1042,5
G_B10_1043,5
G_B10_1044,5
G_B10_1045,5
G_B10_1046,5
G_B10_1047,5
G_B10_1048,5
G_B10_1049,5
G_B10_1050,5
G_B10_1051,5
G_B10_1052,5
G_B10_1053,5
G_B10_1054,5
G_B10_1055,5
G_B10_1056,5
G_B10_1057,5
G_B10_1058,5
G_B10_1059,5
G_B10_1060,5
G_B10_1061,5
G_B10_1062,5
G_B10_1063,5
G_B10_1064,5
G_B10_1065,5
G_B10_1066,5
G_B10_1067,5
G_B10_1068,5
G_B10_1069,5
G_B10_1070,5
G_B10_1071,5
G_B10_1072,5
G_B10_1073,5
G_B10_1074,5
G_B10_1075,5
G_B10_1076,5
G_B10_1077,5
G_B10_1078,5
G_B10_1079,5
G_B10_1080,5
G_B10_1081,5
G_B10_1082,5
G_B10_1083,5
G_B10_1084,5
G_B10_1085,5
G_B10_1086,5
G_B10_1087,5
G_B10_1088,5
G_B10_1089,5
G_B10_1090,5
G_B10_1091,5
G_B10_1092,5
G_B10_1093,5
G_B10_1094,5
G_B10_1095,5
G_B10_1096,5
G_B10_1097,5
G_B10_1098,5
G_B10_1099,5
G_B10_1100,5
G_B10_1101,5
G_B10_1102,5
G_B10_1103,5
G_B10_1104,5
G_B10_1105,5
G_B10_1106,5
G_B10_1107,5
G_B10_1108,5
G_B10_1109,5
G_B10_1110,5
G_B10_1111,5
G_B10_1112,5
G_B10_1113,5
G_B10_1114,5
G_B10_1115,5
G_B10_1116,5
G_B10_1117,5
G_B10_1118,5
G_B10_1119,5
G_B10_1120,5
G_B10_1121,5
G_B10_1122,5
G_B10_1123,5
G_B10_1124,5
G_B10_1125,5
G_B10_1126,5
G_B10_1127,5
G_B10_1128,5
G_B10_1129,5
G_B10_1130,5
G_B10_1131,5
G_B10_1132,5
G_B10_1133,5
G_B10_1134,5
G_B10_1135,5
G_B10_1136,5
G_B10_1137,5
G_B10_1138,5
G_B10_1139,5
G_B10_1140,5
G_B10_1141,5
G_B10_1142,5
G_B10_1143,5
G_B10_1144,5
G_B10_1145,5
G_B10_1146,5
G_B10_1147,5
G_B10_1148,5
G_B10_1149,5
G_B10_1150,5
G_B10_1151,5
G_B10_1152,5
G_B10_1153,5
G_B10_1154,5
G_B10_1155,5
G_B10_1156,5
G_B10_1157,5
G_B10_1158,5
G_B10_1159,5
G_B10_1160,5
G_B10_1161,5
G_B10_1162,5
G_B10_1163,5
G_B10_1164,5
G_B10_1165,5
G_B10_1166,5
G_B10_1167,5
G_B10_1168,5
G_B10_1169,5
G_B10_1170,5
G_B10_1171,5
G_B10_1172,5
G_B10_1173,5
G_B10_1174,5
G_B10_1175,5
G_B10_1176,5
G_B10_1177,5
G_B10_1178,5
G_B10_1179,5
G_B10_1180,5
G_B10_1181,5
G_B10_1182,5
G_B10_1183,5
G_B10_1184,5
G_B10_1185,5
G_B10_1186,5
G_B10_1187,5
G_B10_1188,5
G_B10_1189,5
G_B10_1190,5
G_B10_1191,5
G_B10_1192,5
G_B10_1193,5
G_B10_1194,5
G_B10_1195,5
G_B10_1196,5
G_B10_1197,5
G_B10_1198,5
G_B10_1199,5
G_B10_1200,5
G_B10_1201,5
G_B10_1202,5
G_B10_1203,5
G_B10_1204,5
G_B10_1205,5
G_B10_1206,5
G_B10_1207,5
G_B10_1208,5
G_B10_1209,5
G_B10_1210,5
G_B10_1211,5
G_B10_1212,5
G_B10_1213,5
G_B10_1214,5
G_B10_1215,5
G_B10_1216,5
G_B10_1217,5
G_B10_1218,5
G_B10_1219,5
G_B10_1220,5
G_B10_1221,5
G_B10_1222,5
G_B10_1223,5
G_B10_1224,5
G_B10_1225,5
G_B10_1226,5
G_B10_1227,5
G_B10_1228,5
G_B10_1229,5
G_B10_1230,5
G_B10_1231,5
G_B10_1232,5
G_B10_1233,5
G_B10_1234,5
G_B10_1235,5
G_B10_1236,5
G_B10_1237,5
G_B10_1238,5
G_B10_1239,5
G_B10_1240,5
G_B10_1241,5
G_B10_1242,5
G_B10_1243,5
G_B10_1244,5
G_B10_1245,5
G_B10_1246,5
G_B10_1247,5
G_B10_1248,5
G_B10_1249,5
G_B10_1250,5
G_B10_1251,5
G_B10_1252,5
G_B10_1253,5
G_B10_1254,5
G_B10_1255,5
G_B10_1256,5
G_B10_1257,5
G_B10_1258,5
G_B10_1259,5
G_B10_1260,5
G_B10_1261,5
G_B10_1262,5
G_B10_1263,5
G_B10_1264,5
G_B10_1265,5
G_B10_1266,5
G_B10_1267,5
G_B10_1268,5
G_B10_1269,5
G_B10_1270,5
G_B10_1271,5
G_B10_1272,5
G_B10_1273,5
G_B10_1274,5
G_B10_1275,5
G_B10_1276,5
G_B10_1277,5
G_B10_1278,5
G_B10_1279,5
G_B10_1280,5
G_B10_1281,5
G_B10_1282,5
G_B10_1283,5
G_B10_1284,5
G_B10_1285,5
G_B10_1286,5
G_B10_1287,5
G_B10_1288,5
G_B10_1289,5
G_B10_1290,5
G_B10_1291,5
G_B10_1292,5
G_B10_1293,5
G_B10_1294,5
G_B10_1295,5
G_B10_1296,5
G_B10_1297,5
G_B10_1298,5
G_B10_1299,5
G_B10_1300,5
G_B10_1301,5
G_B10_1302,5
G_B10_1303,5
G_B10_1304,5
G_B10_1305,5
G_B10_1306,5
G_B10_1307,5
G_B10_1308,5
G_B10_1309,5
G_B10_1310,5
G_B10_1311,5
G_B10_1312,5
G_B10_1313,5
G_B10_1314,5
G_B10_1315,5
G_B10_1316,5
G_B10_1317,5
G_B10_1318,5
G_B10_1319,5
G_B10_1320,5
G_B10_1321,5
G_B10_1322,5
G_B10_1323,5
G_B10_1324,5
G_B10_1325,5
G_B10_1326,5
G_B10_1327,5
G_B10_1328,5
G_B10_1329,5
G_B10_1330,5
G_B10_1331,5
G_B10_1332,5
G_B10_1333,5
G_B10_1334,5
G_B10_1335,5
G_B10_1336,5
G_B10_1337,5
G_B10_1338,5
G_B10_1339,5
G_B10_1340,5
G_B10_1341,5
G_B10_1342,5
G_B10_1343,5
G_B10_1344,5
G_B10_1345,5
G_B10_1346,5
G_B10_1347,5
G_B10_1348,5
G_B10_1349,5
G_B10_1350,5
G_B10_1351,5
G_B10_1352,5
G_B10_1353,5
G_B10_1354,5
G_B10_1355,5
G_B10_1356,5
G_B10_1357,5
G_B10_1358,5
G_B10_1359,5
G_B10_1360,5
G_B10_1361,5
G_B10_1362,5
G_B10_1363,5
G_B10_1364,5
G_B10_1365,5
G_B10_1366,5
G_B10_1367,5
G_B10_1368,5
G_B10_1369,5
G_B10_1370,5
G_B10_1371,5
G_B10_1372,5
G_B10_1373,5
G_B10_1374,5
G_B10_1375,5
G_B10_1376,5
G_B10_1377,5
G_B10_1378,5
G_B10_1379,5
G_B10_1380,5
G_B10_1381,5
G_B10_1382,5
G_B10_1383,5
G_B10_1384,5
G_B10_1385,5
G_B10_1386,5
G_B10_1387,5
G_B10_1388,5
G_B10_1389,5
G_B10_1390,5
G_B10_1391,5
G_B10_1392,5
G_B10_1393,5
G_B10_1394,5
G_B10_1395,5
G_B10_1396,5
G_B10_1397,5
G_B10_1398,5
G_B10_1399,5
G_B10_1400,5
G_B10_1401,5
G_B10_1402,5
G_B10_1403,5
G_B10_1404,5
G_B10_1405,5
G_B10_1406,5
G_B10_1407,5
G_B10_1408,5
G_B10_1409,5
G_B10_1410,5
G_B10_1411,5
G_B10_1412,5
G_B10_1413,5
G_B10_1414,5
G_B10_1415,5
G_B10_1416,5
G_B10_1417,5
G_B10_1418,5
G_B10_1419,5
G_B10_1420,5
G_B10_1421,5
G_B10_1422,5
G_B10_1423,5
G_B10_1424,5
G_B10_1425,5
G_B10_1426,5
G_B10_1427,5
G_B10_1428,5
G_B10_1429,5
G_B10_1430,5
G_B10_1431,5
G_B10_1432,5
G_B10_1433,5
G_B10_1434,5
G_B10_1435,5
G_B10_1436,5
G_B10_1437,5
G_B10_1438,5
G_B10_1439,5
G_B10_1440,5
G_B10_1441,5
G_B10_1442,5
G_B10_1443,5
G_B10_1444,5
G_B10_1445,5
G_B10_1446,5
G_B10_1447,5
G_B10_1448,5
G_B10_1449,5
G_B10_1450,5
G_B10_1451,5
G_B10_1452,5
G_B10_1453,5
G_B10_1454,5
G_B10_1455,5
G_B10_1456,5
G_B10_1457,5
G_B10_1458,5
G_B10_1459,5
G_B10_1460,5
G_B10_1461,5
G_B10_1462,5
G_B10_1463,5
G_B10_1464,5
G_B10_1465,5
G_B10_1466,5
G_B10_1467,5
G_B10_1468,5
G_B10_1469,5
G_B10_1470,5
G_B10_1471,5
G_B10_1472,5
G_B10_1473,5
G_B10_1474,5
G_B10_1475,5
G_B10_1476,5
G_B10_1477,5
G_B10_1478,5
G_B10_1479,5
G_B10_1480,5
G_B10_1481,5
G_B10_1482,5
G_B10_1483,5
G_B10_1484,5
G_B10_1485,5
G_B10_1486,5
G_B10_1487,5
G_B10_1488,5
G_B10_1489,5
G_B10_1490,5
G_B10_1491,5
G_B10_1492,5
G_B10_1493,5
G_B10_1494,5
G_B10_1495,5
G_B10_1496,5
G_B10_1497,5
G_B10_1498,5
G_B10_1499,5
G_B10_1500,5
G_B10_1501,5
G_B10_1502,5
G_B10_1503,5
G_B10_1504,5
G_B10_1505,5
G_B10_1506,5
G_B10_1507,5
G_B10_1508,5
G_B10_1509,5
G_B10_1510,5
G_B10_1511,5
G_B10_1512,5
G_B10_1513,5
G_B10_1514,5
G_B10_1515,5
G_B10_1516,5
G_B10_1517,5
G_B10_1518,5
G_B10_1519,5
G_B10_1520,5
G_B10_1521,5
G_B10_1522,5
G_B10_1523,5
G_B10_1524,5
G_B10_1525,5
G_B10_1526,5
G_B10_1527,5
G_B10_1528,5
G_B10_1529,5
G_B10_1530,5
G_B10_1531,5
G_B10_1532,5
G_B10_1533,5
G_B10_1534,5
G_B10_1535,5
G_B10_1536,5
G_B10_1537,5
G_B10_1538,5
G_B10_1539,5
G_B10_1540,5
G_B10_1541,5
G_B10_1542,5
G_B10_1543,5
G_B10_1544,5
G_B10_1545,5
G_B10_1546,5
G_B10_1547,5
G_B10_1548,5
G_B10_1549,5
G_B10_1550,5
G_B10_1551,5
G_B10_1552,5
G_B10_1553,5
G_B10_1554,5
G_B10_1555,5
G_B10_1556,5
G_B10_1557,5
G_B10_1558,5
G_B10_1559,5
G_B10_1560,5
G_B10_1561,5
G_B10_1562,5
G_B10_1563,5
G_B10_1564,5
G_B10_1565,5
G_B10_1566,5
G_B10_1567,5
G_B10_1568,5
G_B10_1569,5
G_B10_1570,5
G_B10_1571,5
G_B10_1572,5
G_B10_1573,5
G_B10_1574,5
G_B10_1575,5
G_B10_1576,5
G_B10_1577,5
G_B10_1578,5
G_B10_1579,5
G_B10_1580,5
G_B10_1581,5
G_B10_1582,5
G_B10_1583,5
G_B10_1584,5
G_B10_1585,5
G_B10_1586,5
G_B10_1587,5
G_B10_1588,5
G_B10_1589,5
G_B10_1590,5
G_B10_1591,5
G_B10_1592,5
G_B10_1593,5
G_B10_1594,5
G_B10_1595,5
G_B10_1596,5
G_B10_1597,5
G_B10_1598,5
G_B10_1599,5
G_B10_1600,5
G_B10_1601,5
G_B10_1602,5
G_B10_1603,5
G_B10_1604,5
G_B10_1605,5
G_B10_1606,5
G_B10_1607,5
G_B10_1608,5
G_B10_1609,5
G_B10_1610,5
G_B10_1611,5
G_B10_1612,5
G_B10_1613,5
G_B10_1614,5
G_B10_1615,5
G_B10_1616,5
G_B10_1617,5
G_B10_1618,5
G_B10_1619,5
G_B10_1620,5
G_B10_1621,5
G_B10_1622,5
G_B10_1623,5
G_B10_1624,5
G_B10_1625,5
G_B10_1626,5
G_B10_1627,5
G_B10_1628,5
G_B10_1629,5
G_B10_1630,5
G_B10_1631,5
G_B10_1632,5
G_B10_1633,5
G_B10_1634,5
G_B10_1635,5
G_B10_1636,5
G_B10_1637,5
G_B10_1638,5
G_B10_1639,5
G_B10_1640,5
G_B10_1641,5
G_B10_1642,5
G_B10_1643,5
G_B10_1644,5
G_B10_1645,5
G_B10_1646,5
G_B10_1647,5
G_B10_1648,5
G_B10_1649,5
G_B10_1650,5
G_B10_1651,5
G_B10_1652,5
G_B10_1653,5
G_B10_1654,5
G_B10_1655,5
G_B10_1656,5
G_B10_1657,5
G_B10_1658,5
G_B10_1659,5
G_B10_1660,5
G_B10_1661,5
G_B10_1662,5
G_B10_1663,5
G_B10_1664,5
G_B10_1665,5
G_B10_1666,5
G_B10_1667,5
G_B10_1668,5
G_B10_1669,5
G_B10_1670,5
G_B10_1671,5
G_B10_1672,5
G_B10_1673,5
G_B10_1674,5
G_B10_1675,5
G_B10_1676,5
G_B10_1677,5
G_B10_1678,5
G_B10_1679,5
G_B10_1680,5
G_B10_1681,5
G_B10_1682,5
G_B10_1683,5
G_B10_1684,5
G_B10_1685,5
G_B10_1686,5
G_B10_1687,5
G_B10_1688,5
G_B10_1689,5
G_B10_1690,5
G_B10_1691,5
G_B10_1692,5
G_B10_1693,5
G_B10_1694,5
G_B10_1695,5
G_B10_1696,5
G_B10_1697,5
G_B10_1698,5
G_B10_1699,5
G_B10_1700,5
G_B10_1701,5
G_B10_1702,5
G_B10_1703,5
G_B10_1704,5
G_B10_1705,5
G_B10_1706,5
G_B10_1707,5
G_B10_1708,5
G_B10_1709,5
G_B10_1710,5
G_B10_1711,5
G_B10_1712,5
G_B10_1713,5
G_B10_1714,5
G_B10_1715,5
G_B10_1716,5
G_B10_1717,5
G_B10_1718,5
G_B10_1719,5
G_B10_1720,5
G_B10_1721,5
G_B10_1722,5
G_B10_1723,5
G_B10_1724,5
G_B10_1725,5
G_B10_1726,5
G_B10_1727,5
G_B10_1728,5
G_B10_1729,5
G_B10_1730,5
G_B10_1731,5
G_B10_1732,5
G_B10_1733,5
G_B10_1734,5
G_B10_1735,5
G_B10_1736,5
G_B10_1737,5
G_B10_1738,5
G_B10_1739,5
G_B10_1740,5
G_B10_1741,5
G_B10_1742,5
G_B10_1743,5
G_B10_1744,5
G_B10_1745,5
G_B10_1746,5
G_B10_1747,5
G_B10_1748,5
G_B10_1749,5
G_B10_1750,5
G_B10_1751,5
G_B10_1752,5
G_B10_1753,5
G_B10_1754,5
G_B10_1755,5
G_B10_1756,5
G_B10_1757,5
G_B10_1758,5
G_B10_1759,5
G_B10_1760,5
G_B10_1761,5
G_B10_1762,5
G_B10_1763,5
G_B10_1764,5
G_B10_1765,5
G_B10_1766,5
G_B10_1767,5
G_B10_1768,5
G_B10_1769,5
G_B10_1770,5
G_B10_1771,5
G_B10_1772,5
G_B10_1773,5
G_B10_1774,5
G_B10_1775,5
G_B10_1776,5
G_B10_1777,5
G_B10_1778,5
G_B10_1779,5
G_B10_1780,5
G_B10_1781,5
G_B10_1782,5
G_B10_1783,5
G_B10_1784,5
G_B10_1785,5
G_B10_1786,5
G_B10_1787,5
G_B10_1788,5
G_B10_1789,5
G_B10_1790,5
G_B10_1791,5
G_B10_1792,5
G_B10_1793,5
G_B10_1794,5
G_B10_1795,5
G_B10_1796,5
G_B10_1797,5
G_B10_1798,5
G_B10_1799,5
G_B10_1800,5
G_B10_1801,5
G_B10_1802,5
G_B10_1803,5
G_B10_1804,5
G_B10_1805,5
G_B10_1806,5
G_B10_1807,5
G_B10_1808,5
G_B10_1809,5
G_B10_1810,5
G_B10_1811,5
G_B10_1812,5
G_B10_1813,5
G_B10_1814,5
G_B10_1815,5
G_B10_1816,5
G_B10_1817,5
G_B10_1818,5
G_B10_1819,5
G_B10_1820,5
G_B10_1821,5
G_B10_1822,5
G_B10_1823,5
G_B10_1824,5
G_B10_1825,5
G_B10_1826,5
G_B10_1827,5
G_B10_1828,5
G_B10_1829,5
G_B10_1830,5
G_B10_1831,5
G_B10_1832,5
G_B10_1833,5
G_B10_1834,5
G_B10_1835,5
G_B10_1836,5
G_B10_1837,5
G_B10_1838,5
G_B10_1839,5
G_B10_1840,5
G_B10_1841,5
G_B10_1842,5
G_B10_1843,5
G_B10_1844,5
G_B10_1845,5
G_B10_1846,5
G_B10_1847,5
G_B10_1848,5
G_B10_1849,5
G_B10_1850,5
G_B10_1851,5
G_B10_1852,5
G_B10_1853,5
G_B10_1854,5
G_B10_1855,5
G_B10_1856,5
G_B10_1857,5
G_B10_1858,5
G_B10_1859,5
G_B10_1860,5
G_B10_1861,5
G_B10_1862,5
G_B10_1863,5
G_B10_1864,5
G_B10_1865,5
G_B10_1866,5
G_B10_1867,5
G_B10_1868,5
G_B10_1869,5
G_B10_1870,5
G_B10_1871,5
G_B10_1872,5
G_B10_1873,5
G_B10_1874,5
G_B10_1875,5
G_B10_1876,5
G_B10_1877,5
G_B10_1878,5
G_B10_1879,5
G_B10_1880,5
G_B10_1881,5
G_B10_1882,5
G_B10_1883,5
G_B10_1884,5
G_B10_1885,5
G_B10_1886,5
G_B10_1887,5
G_B10_1888,5
G_B10_1889,5
G_B10_1890,5
G_B10_1891,5
G_B10_1892,5
G_B10_1893,5
G_B10_1894,5
G_B10_1895,5
G_B10_1896,5
G_B10_1897,5
G_B10_1898,5
G_B10_1899,5
G_B10_1900,5
G_B10_1901,5
G_B10_1902,5
G_B10_1903,5
G_B10_1904,5
G_B10_1905,5
G_B10_1906,5
G_B10_1907,5
G_B10_1908,5
G_B10_1909,5
G_B10_1910,5
G_B10_1911,5
G_B10_1912,5
G_B10_1913,5
G_B10_1914,5
G_B10_1915,5
G_B10_1916,5
G_B10_1917,5
G_B10_1918,5
G_B10_1919,5
G_B10_1920,5
G_B10_1921,5
G_B10_1922,5
G_B10_1923,5
G_B10_1924,5
G_B10_1925,5
G_B10_1926,5
G_B10_1927,5
G_B10_1928,5
G_B10_1929,5
G_B10_1930,5
G_B10_1931,5
G_B10_1932,5
G_B10_1933,5
G_B10_1934,5
G_B10_1935,5
G_B10_1936,5
G_B10_1937,5
G_B10_1938,5
G_B10_1939,5
G_B10_1940,5
G_B10_1941,5
G_B10_1942,5
G_B10_1943,5
G_B10_1944,5
G_B10_1945,5
G_B10_1946,5
G_B10_1947,5
G_B10_1948,5
G_B10_1949,5
G_B10_1950,5
G_B10_1951,5
G_B10_1952,5
G_B10_1953,5
G_B10_1954,5
G_B10_1955,5
G_B10_1956,5
G_B10_1957,5
G_B10_1958,5
G_B10_1959,5
G_B10_1960,5
G_B10_1961,5
G_B10_1962,5
G_B10_1963,5
G_B10_1964,5
G_B10_1965,5
G_B10_1966,5
G_B10_1967,5
G_B10_1968,5
G_B10_1969,5
G_B10_1970,5
G_B10_1971,5
G_B10_1972,5
G_B10_1973,5
G_B10_1974,5
G_B10_1975,5
G_B10_1976,5
G_B10_1977,5
G_B10_1978,5
G_B10_1979,5
G_B10_1980,5
G_B10_1981,5
G_B10_1982,5
G_B10_1983,5
G_B10_1984,5
G_B10_1985,5
G_B10_1986,5
G_B10_1987,5
G_B10_1988,5
G_B10_1989,5
G_B10_1990,5
G_B10_1991,5
G_B10_1992,5
G_B10_1993,5
G_B10_1994,5
G_B10_1995,5
G_B10_1996,5
G_B10_1997,5
G_B10_1998,5
G_B10_1999,5
G_B10_2000,5
G_B10_2001,5
G_B10_2002,5
G_B10_2003,5
G_B10_2004,5
G_B10_2005,5
G_B10_2006,5
G_B10_2007,5
G_B10_2008,5
G_B10_2009,5
G_B10_2010,5
G_B10_2011,5
G_B10_2012,5
G_B10_2013,5
G_B10_2014,5
G_B10_2015,5
G_B10_2016,5
G_B10_2017,5
G_B10_2018,5
G_B10_2019,5
G_B10_2020,5
G_B10_2021,5
G_B10_2022,5
G_B10_2023,5
G_B10_2024,5
G_B10_2025,5
G_B10_2026,5
G_B10_2027,5
G_B10_2028,5
G_B10_2029,5
G_B10_2030,5
G_B10_2031,5
G_B10_2032,5
G_B10_2033,5
G_B10_2034,5
G_B10_2035,5
G_B10_2036,5
G_B10_2037,5
G_B10_2038,5
G_B10_2039,5
G_B10_2040,5
G_B10_2041,5
G_B10_2042,5
G_B10_2043,5
G_B10_2044,5
G_B10_2045,5
G_B10_2046,5
G_B10_2047,5
G_B10_2048,5
G_B10_2049,5
G_B10_2050,5
G_B10_2051,5
G_B10_2052,5
G_B10_2053,5
G_B10_2054,5
G_B10_2055,5
G_B10_2056,5
G_B10_2057,5
G_B10_2058,5
G_B10_2059,5
G_B10_2060,5
G_B10_2061,5
G_B10_2062,5
G_B10_2063,5
G_B10_2064,5
G_B10_2065,5
G_B10_2066,5
G_B10_2067,5
G_B10_2068,5
G_B10_2069,5
G_B10_2070,5
G_B10_2071,5
G_B10_2072,5
G_B10_2073,5
G_B10_2074,5
G_B10_2075,5
G_B10_2076,5
G_B10_2077,5
G_B10_2078,5
G_B10_2079,5
G_B10_2080,5
G_B10_2081,5
G_B10_2082,5
G_B10_2083,5
G_B10_2084,5
G_B10_2085,5
G_B10_2086,5
G_B10_2087,5
G_B10_2088,5
G_B10_2089,5
G_B10_2090,5
G_B10_2091,5
G_B10_2092,5
G_B10_2093,5
G_B10_2094,5
G_B10_2095,5
G_B10_2096,5
G_B10_2097,5
G_B10_2098,5
G_B10_2099,5
G_B10_2100,5
G_B10_2101,5
G_B10_2102,5
G_B10_2103,5
G_B10_2104,5
G_B10_2105,5
G_B10_2106,5
G_B10_2107,5
G_B10_2108,5
G_B10_2109,5
G_B10_2110,5
G_B10_2111,5
G_B10_2112,5
G_B10_2113,5
G_B10_2114,5
G_B10_2115,5
G_B10_2116,5
G_B10_2117,5
G_B10_2118,5
G_B10_2119,5
G_B10_2120,5
G_B10_2121,5
G_B10_2122,5
G_B10_2123,5
G_B10_2124,5
G_B10_2125,5
G_B10_2126,5
G_B10_2127,5
G_B10_2128,5
G_B10_2129,5
G_B10_2130,5
G_B10_2131,5
G_B10_2132,5
G_B10_2133,5
G_B10_2134,5
G_B10_2135,5
G_B10_2136,5
G_B10_2137,5
G_B10_2138,5
G_B10_2139,5
G_B10_2140,5
G_B10_2141,5
G_B10_2142,5
G_B10_2143,5
G_B10_2144,5
G_B10_2145,5
G_B10_2146,5
G_B10_2147,5
G_B10_2148,5
G_B10_2149,5
G_B10_2150,5
G_B10_2151,5
G_B10_2152,5
G_B10_2153,5
G_B10_2154,5
G_B10_2155,5
G_B10_2156,5
G_B10_2157,5
G_B10_2158,5
G_B10_2159,5
G_B10_2160,5
G_B10_2161,5
G_B10_2162,5
G_B10_2163,5
G_B10_2164,5
G_B10_2165,5
G_B10_2166,5
G_B10_2167,5
G_B10_2168,5
G_B10_2169,5
G_B10_2170,5
G_B10_2171,5
G_B10_2172,5
G_B10_2173,5
G_B10_2174,5
G_B10_2175,5
G_B10_2176,5
G_B10_2177,5
G_B10_2178,5
G_B10_2179,5
G_B10_2180,5
G_B10_2181,5
G_B10_2182,5
G_B10_2183,5
G_B10_2184,5
G_B10_2185,5
G_B10_2186,5
G_B10_2187,5
G_B10_2188,5
G_B10_2189,5
G_B10_2190,5
G_B10_2191,5
G_B10_2192,5
G_B10_2193,5
G_B10_2194,5
G_B10_2195,5
G_B10_2196,5
G_B10_2197,5
G_B10_2198,5
G_B10_2199,5
G_B10_2200,5
G_B10_2201,5
G_B10_2202,5
G_B10_2203,5
G_B10_2204,5
G_B10_2205,5
G_B10_2206,5
G_B10_2207,5
G_B10_2208,5
G_B10_2209,5
G_B10_2210,5
G_B10_2211,5
G_B10_2212,5
G_B10_2213,5
G_B10_2214,5
G_B10_2215,5
G_B10_2216,5
G_B10_2217,5
G_B10_2218,5
G_B10_2219,5
G_B10_2220,5
G_B10_2221,5
G_B10_2222,5
G_B10_2223,5
G_B10_2224,5
G_B10_2225,5
G_B10_2226,5
G_B10_2227,5
G_B10_2228,5
G_B10_2229,5
G_B10_2230,5
G_B10_2231,5
G_B10_2232,5
G_B10_2233,5
G_B10_2234,5
G_B10_2235,5
G_B10_2236,5
G_B10_2237,5
G_B10_2238,5
G_B10_2239,5
G_B10_2240,5
G_B10_2241,5
G_B10_2242,5
G_B10_2243,5
G_B10_2244,5
G_B10_2245,5
G_B10_2246,5
G_B10_2247,5
G_B10_2248,5
G_B10_2249,5
G_B10_2250,5
G_B10_2251,5
G_B10_2252,5
G_B10_2253,5
G_B10_2254,5
G_B10_2255,5
G_B10_2256,5
G_B10_2257,5
G_B10_2258,5
G_B10_2259,5
G_B10_2260,5
G_B10_2261,5
G_B10_2262,5
G_B10_2263,5
G_B10_2264,5
G_B10_2265,5
G_B10_2266,5
G_B10_2267,5
G_B10_2268,5
G_B10_2269,5
G_B10_2270,5
G_B10_2271,5
G_B10_2272,5
G_B10_2273,5
G_B10_2274,5
G_B10_2275,5
G_B10_2276,5
G_B10_2277,5
G_B10_2278,5
G_B10_2279,5
G_B10_2280,5
G_B10_2281,5
G_B10_2282,5
G_B10_2283,5
G_B10_2284,5
G_B10_2285,5
G_B10_2286,5
G_B10_2287,5
G_B10_2288,5
G_B10_2289,5
G_B10_2290,5
G_B10_2291,5
G_B10_2292,5
G_B10_2293,5
G_B10_2294,5
G_B10_2295,5
G_B10_2296,5
G_B10_2297,5
G_B10_2298,5
G_B10_2299,5
G_B10_2300,5
G_B10_2301,5
G_B10_2302,5
G_B10_2303,5
G_B10_2304,5
G_B10_2305,5
G_B10_2306,5
G_B10_2307,5
G_B10_2308,5
G_B10_2309,5
G_B10_2310,5
G_B10_2311,5
G_B10_2312,5
G_B10_2313,5
G_B10_2314,5
G_B10_2315,5
G_B10_2316,5
G_B10_2317,5
G_B10_2318,5
G_B10_2319,5
G_B10_2320,5
G_B10_2321,5
G_B10_2322,5
G_B10_2323,5
G_B10_2324,5
G_B10_2325,5
G_B10_2326,5
G_B10_2327,5
G_B10_2328,5
G_B10_2329,5
G_B10_2330,5
G_B10_2331,5
G_B10_2332,5
G_B10_2333,5
G_B10_2334,5
G_B10_2335,5
G_B10_2336,5
G_B10_2337,5
G_B10_2338,5
G_B10_2339,5
G_B10_2340,5
G_B10_2341,5
G_B10_2342,5
G_B10_2343,5
G_B10_2344,5
G_B10_2345,5
G_B10_2346,5
G_B10_2347,5
G_B10_2348,5
G_B10_2349,5
G_B10_2350,5
G_B10_2351,5
G_B10_2352,5
G_B10_2353,5
G_B10_2354,5
G_B10_2355,5
G_B10_2356,5
G_B10_2357,5
G_B10_2358,5
G_B10_2359,5
G_B10_2360,5
G_B10_2361,5
G_B10_2362,5
G_B10_2363,5
G_B10_2364,5
G_B10_2365,5
G_B10_2366,5
G_B10_2367,5
G_B10_2368,5
G_B10_2369,5
G_B10_2370,5
G_B10_2371,5
G_B10_2372,5
G_B10_2373,5
G_B10_2374,5
G_B10_2375,5
G_B10_2376,5
G_B10_2377,5
G_B10_2378,5
G_B10_2379,5
G_B10_2380,5
G_B10_2381,5
G_B10_2382,5
G_B10_2383,5
G_B10_2384,5
G_B10_2385,5
G_B10_2386,5
G_B10_2387,5
G_B10_2388,5
G_B10_2389,5
G_B10_2390,5
G_B10_2391,5
G_B10_2392,5
G_B10_2393,5
G_B10_2394,5
G_B10_2395,5
G_B10_2396,5
G_B10_2397,5
G_B10_2398,5
G_B10_2399,5
G_B10_2400,5
G_B10_2401,5
G_B10_2402,5
G_B10_2403,5
G_B10_2404,5
G_B10_2405,5
G_B10_2406,5
G_B10_2407,5
G_B10_2408,5
G_B10_2409,5
G_B10_2410,5
G_B10_2411,5
G_B10_2412,5
G_B10_2413,5
G_B10_2414,5
G_B10_2415,5
G_B10_2416,5
G_B10_2417,5
G_B10_2418,5
G_B10_2419,5
G_B10_2420,5
G_B10_2421,5
G_B10_2422,5
G_B10_2423,5
G_B10_2424,5
G_B10_2425,5
G_B10_2426,5
G_B10_2427,5
G_B10_2428,5
G_B10_2429,5
G_B10_2430,5
G_B10_2431,5
G_B10_2432,5
G_B10_2433,5
G_B10_2434,5
G_B10_2435,5
G_B10_2436,5
G_B10_2437,5
G_B10_2438,5
G_B10_2439,5
G_B10_2440,5
G_B10_2441,5
G_B10_2442,5
G_B10_2443,5
G_B10_2444,5
G_B10_2445,5
G_B10_2446,5
G_B10_2447,5
G_B10_2448,5
G_B10_2449,5
G_B10_2450,5
G_B10_2451,5
G_B10_2452,5
G_B10_2453,5
G_B10_2454,5
G_B10_2455,5
G_B10_2456,5
G_B10_2457,5
G_B10_2458,5
G_B10_2459,5
G_B10_2460,5
G_B10_2461,5
G_B10_2462,5
G_B10_2463,5
G_B10_2464,5
G_B10_2465,5
G_B10_2466,5
G_B10_2467,5
G_B10_2468,5
G_B10_2469,5
G_B10_2470,5
G_B10_2471,5
G_B10_2472,5
G_B10_2473,5
G_B10_2474,5
G_B10_2475,5
G_B10_2476,5
G_B10_2477,5
G_B10_2478,5
G_B10_2479,5
G_B10_2480,5
G_B10_2481,5
G_B10_2482,5
G_B10_2483,5
G_B10_2484,5
G_B10_2485,5
G_B10_2486,5
G_B10_2487,5
G_B10_2488,5
G_B10_2489,5
G_B10_2490,5
G_B10_2491,5
G_B10_2492,5
G_B10_2493,5
G_B10_2494,5
G_B10_2495,5
G_B10_2496,5
G_B10_2497,5
G_B10_2498,5
G_B10_2499,5
G_B10_2500,5
G_B10_2501,5
G_B10_2502,5
G_B10_2503,5
G_B10_2504,5
G_B10_2505,5
G_B10_2506,5
G_B10_2507,5
G_B10_2508,5
G_B10_2509,5
G_B10_2510,5
G_B10_2511,5
G_B10_2512,5
G_B10_2513,5
G_B10_2514,5
G_B10_2515,5
G_B10_2516,5
G_B10_2517,5
G_B10_2518,5
G_B10_2519,5
G_B10_2520,5
G_B10_2521,5
G_B10_2522,5
G_B10_2523,5
G_B10_2524,5
G_B10_2525,5
G_B10_2526,5
G_B10_2527,5
G_B10_2528,5
G_B10_2529,5
G_B10_2530,5
G_B10_2531,5
G_B10_2532,5
G_B10_2533,5
G_B10_2534,5
G_B10_2535,5
G_B10_2536,5
G_B10_2537,5
G_B10_2538,5
G_B10_2539,5
G_B10_2540,5
G_B10_2541,5
G_B10_2542,5
G_B10_2543,5
G_B10_2544,5
G_B10_2545,5
G_B10_2546,5
G_B10_2547,5
G_B10_2548,5
G_B10_2549,5
G_B10_2550,5
G_B10_2551,5
G_B10_2552,5
G_B10_2553,5
G_B10_2554,5
G_B10_2555,5
G_B10_2556,5
G_B10_2557,5
G_B10_2558,5
G_B10_2559,5
G_B10_2560,5
G_B10_2561,5
G_B10_2562,5
G_B10_2563,5
G_B10_2564,5
G_B10_2565,5
G_B10_2566,5
G_B10_2567,5
G_B10_2568,5
G_B10_2569,5
G_B10_2570,5
G_B10_2571,5
G_B10_2572,5
G_B10_2573,5
G_B10_2574,5
G_B10_2575,5
G_B10_2576,5
G_B10_2577,5
G_B10_2578,5
G_B10_2579,5
G_B10_2580,5
G_B10_2581,5
G_B10_2582,5
G_B10_2583,5
G_B10_2584,5
G_B10_2585,5
G_B10_2586,5
G_B10_2587,5
G_B10_2588,5
G_B10_2589,5
G_B10_2590,5
G_B10_2591,5
G_B10_2592,5
G_B10_2593,5
G_B10_2594,5
G_B10_2595,5
G_B10_2596,5
G_B10_2597,5
G_B10_2598,5
G_B10_2599,5
G_B10_2600,5
G_B10_2601,5
G_B10_2602,5
G_B10_2603,5
G_B10_2604,5
G_B10_2605,5
G_B10_2606,5
G_B10_2607,5
G_B10_2608,5
G_B10_2609,5
G_B10_2610,5
G_B10_2611,5
G_B10_2612,5
G_B10_2613,5
G_B10_2614,5
G_B10_2615,5
G_B10_2616,5
G_B10_2617,5
G_B10_2618,5
G_B10_2619,5
G_B10_2620,5
G_B10_2621,5
G_B10_2622,5
G_B10_2623,5
G_B10_2624,5
G_B10_2625,5
G_B10_2626,5
G_B10_2627,5
G_B10_2628,5
G_B10_2629,5
G_B10_2630,5
G_B10_2631,5
G_B10_2632,5
G_B10_2633,5
G_B10_2634,5
G_B10_2635,5
G_B10_2636,5
G_B10_2637,5
G_B10_2638,5
G_B10_2639,5
G_B10_2640,5
G_B10_2641,5
G_B10_2642,5
G_B10_2643,5
G_B10_2644,5
G_B10_2645,5
G_B10_2646,5
G_B10_2647,5
G_B10_2648,5
G_B10_2649,5
G_B10_2650,5
G_B10_2651,5
G_B10_2652,5
G_B10_2653,5
G_B10_2654,5
G_B10_2655,5
G_B10_2656,5
G_B10_2657,5
G_B10_2658,5
G_B10_2659,5
G_B10_2660,5
G_B10_2661,5
G_B10_2662,5
G_B10_2663,5
G_B10_2664,5
G_B10_2665,5
G_B10_2666,5
G_B10_2667,5
G_B10_2668,5
G_B10_2669,5
G_B10_2670,5
G_B10_2671,5
G_B10_2672,5
G_B10_2673,5
G_B10_2674,5
G_B10_2675,5
G_B10_2676,5
G_B10_2677,5
G_B10_2678,5
G_B10_2679,5
G_B10_2680,5
G_B10_2681,5
G_B10_2682,5
G_B10_2683,5
G_B10_2684,5
G_B10_2685,5
G_B10_2686,5
G_B10_2687,5
G_B10_2688,5
G_B10_2689,5
G_B10_2690,5
G_B10_2691,5
G_B10_2692,5
G_B10_2693,5
G_B10_2694,5
G_B10_2695,5
G_B10_2696,5
G_B10_2697,5
G_B10_2698,5
G_B10_2699,5
G_B10_2700,5
G_B10_2701,5
G_B10_2702,5
G_B10_2703,5
G_B10_2704,5
G_B10_2705,5
G_B10_2706,5
G_B10_2707,5
G_B10_2708,5
G_B10_2709,5
G_B10_2710,5
G_B10_2711,5
G_B10_2712,5
G_B10_2713,5
G_B10_2714,5
G_B10_2715,5
G_B10_2716,5
G_B10_2717,5
G_B10_2718,5
G_B10_2719,5
G_B10_2720,5
G_B10_2721,5
G_B10_2722,5
G_B10_2723,5
G_B10_2724,5
G_B10_2725,5
G_B10_2726,5
G_B10_2727,5
G_B10_2728,5
G_B10_2729,5
G_B10_2730,5
G_B10_2731,5
G_B10_2732,5
G_B10_2733,5
G_B10_2734,5
G_B10_2735,5
G_B10_2736,5
G_B10_2737,5
G_B10_2738,5
G_B10_2739,5
G_B10_2740,5
G_B10_2741,5
G_B10_2742,5
G_B10_2743,5
G_B10_2744,5
G_B10_2745,5
G_B10_2746,5
G_B10_2747,5
G_B10_2748,5
G_B10_2749,5
G_B10_2750,5
G_B10_2751,5
G_B10_2752,5
G_B10_2753,5
G_B10_2754,5
G_B10_2755,5
G_B10_2756,5
G_B10_2757,5
G_B10_2758,5
G_B10_2759,5
G_B10_2760,5
G_B10_2761,5
G_B10_2762,5
G_B10_2763,5
G_B10_2764,5
G_B10_2765,5
G_B10_2766,5
G_B10_2767,5
G_B10_2768,5
G_B10_2769,5
G_B10_2770,5
G_B10_2771,5
G_B10_2772,5
G_B10_2773,5
G_B10_2774,5
G_B10_2775,5
G_B10_2776,5
G_B10_2777,5
G_B10_2778,5
G_B10_2779,5
G_B10_2780,5
G_B10_2781,5
G_B10_2782,5
G_B10_2783,5
G_B10_2784,5
G_B10_2785,5
G_B10_2786,5
G_B10_2787,5
G_B10_2788,5
G_B10_2789,5
G_B10_2790,5
G_B10_2791,5
G_B10_2792,5
G_B10_2793,5
G_B10_2794,5
G_B10_2795,5
G_B10_2796,5
G_B10_2797,5
G_B10_2798,5
G_B10_2799,5
G_B10_2800,5
G_B10_2801,5
G_B10_2802,5
G_B10_2803,5
G_B10_2804,5
G_B10_2805,5
G_B10_2806,5
G_B10_2807,5
G_B10_2808,5
G_B10_2809,5
G_B10_2810,5
G_B10_2811,5
G_B10_2812,5
G_B10_2813,5
G_B10_2814,5
G_B10_2815,5
G_B10_2816,5
G_B10_2817,5
G_B10_2818,5
G_B10_2819,5
G_B10_2820,5
G_B10_2821,5
G_B10_2822,5
G_B10_2823,5
G_B10_2824,5
G_B10_2825,5
G_B10_2826,5
G_B10_2827,5
G_B10_2828,5
G_B10_2829,5
G_B10_2830,5
G_B10_2831,5
G_B10_2832,5
G_B10_2833,5
G_B10_2834,5
G_B10_2835,5
G_B10_2836,5
G_B10_2837,5
G_B10_2838,5
G_B10_2839,5
G_B10_2840,5
G_B10_2841,5
G_B10_2842,5
G_B10_2843,5
G_B10_2844,5
G_B10_2845,5
G_B10_2846,5
G_B10_2847,5
G_B10_2848,5
G_B10_2849,5
G_B10_2850,5
G_B10_2851,5
G_B10_2852,5
G_B10_2853,5
G_B10_2854,5
G_B10_2855,5
G_B10_2856,5
G_B10_2857,5
G_B10_2858,5
G_B10_2859,5
G_B10_2860,5
G_B10_2861,5
G_B10_2862,5
G_B10_2863,5
G_B10_2864,5
G_B10_2865,5
G_B10_2866,5
G_B10_2867,5
G_B10_2868,5
G_B10_2869,5
G_B10_2870,5
G_B10_2871,5
G_B10_2872,5
G_B10_2873,5
G_B10_2874,5
G_B10_2875,5
G_B10_2876,5
G_B10_2877,5
G_B10_2878,5
G_B10_2879,5
G_B10_2880,5
G_B10_2881,5
G_B10_2882,5
G_B10_2883,5
G_B10_2884,5
G_B10_2885,5
G_B10_2886,5
G_B10_2887,5
G_B10_2888,5
G_B10_2889,5
G_B10_2890,5
G_B10_2891,5
G_B10_2892,5
G_B10_2893,5
G_B10_2894,5
G_B10_2895,5
G_B10_2896,5
G_B10_2897,5
G_B10_2898,5
G_B10_2899,5
G_B10_2900,5
G_B10_2901,5
G_B10_2902,5
G_B10_2903,5
G_B10_2904,5
G_B10_2905,5
G_B10_2906,5
G_B10_2907,5
G_B10_2908,5
G_B10_2909,5
G_B10_2910,5
G_B10_2911,5
G_B10_2912,5
G_B10_2913,5
G_B10_2914,5
G_B10_2915,5
G_B10_2916,5
G_B10_2917,5
G_B10_2918,5
G_B10_2919,5
G_B10_2920,5
G_B10_2921,5
G_B10_2922,5
G_B10_2923,5
G_B10_2924,5
G_B10_2925,5
G_B10_2926,5
G_B10_2927,5
G_B10_2928,5
G_B10_2929,5
G_B10_2930,5
G_B10_2931,5
G_B10_2932,5
G_B10_2933,5
G_B10_2934,5
G_B10_2935,5
G_B10_2936,5
G_B10_2937,5
G_B10_2938,5
G_B10_2939,5
G_B10_2940,5
G_B10_2941,5
G_B10_2942,5
G_B10_2943,5
G_B10_2944,5
G_B10_2945,5
G_B10_2946,5
G_B10_2947,5
G_B10_2948,5
G_B10_2949,5
G_B10_2950,5
G_B10_2951,5
G_B10_2952,5
G_B10_2953,5
G_B10_2954,5
G_B10_2955,5
G_B10_2956,5
G_B10_2957,5
G_B10_2958,5
G_B10_2959,5
G_B10_2960,5
G_B10_2961,5
G_B10_2962,5
G_B10_2963,5
G_B10_2964,5
G_B10_2965,5
G_B10_2966,5
G_B10_2967,5
G_B10_2968,5
G_B10_2969,5
G_B10_2970,5
G_B10_2971,5
G_B10_2972,5
G_B10_2973,5
G_B10_2974,5
G_B10_2975,5
G_B10_2976,5
G_B10_2977,5
G_B10_2978,5
G_B10_2979,5
G_B10_2980,5
G_B10_2981,5
G_B10_2982,5
G_B10_2983,5
G_B10_2984,5
G_B10_2985,5
G_B10_2986,5
G_B10_2987,5
G_B10_2988,5
G_B10_2989,5
G_B10_2990,5
G_B10_2991,5
G_B10_2992,5
G_B10_2993,5
G_B10_2994,5
G_B10_2995,5
G_B10_2996,5
G_B10_2997,5
G_B10_2998,5
G_B10_2999,5
G_B10_3000,5
G_B10_3001,5
G_B10_3002,5
G_B10_3003,5
G_B10_3004,5
G_B10_3005,5
G_B10_3006,5
G_B10_3007,5
G_B10_3008,5
G_B10_3009,5
G_B10_3010,5
G_B10_3011,5
G_B10_3012,5
G_B10_3013,5
G_B10_3014,5
G_B10_3015,5
G_B10_3016,5
G_B10_3017,5
G_B10_3018,5
G_B10_3019,5
G_B10_3020,5
G_B10_3021,5
G_B10_3022,5
G_B10_3023,5
G_B10_3024,5
G_B10_3025,5
G_B10_3026,5
G_B10_3027,5
G_B10_3028,5
G_B10_3029,5
G_B10_3030,5
G_B10_3031,5
G_B10_3032,5
G_B10_3033,5
G_B10_3034,5
G_B10_3035,5
G_B10_3036,5
G_B10_3037,5
G_B10_3038,5
G_B10_3039,5
G_B10_3040,5
G_B10_3041,5
G_B10_3042,5
G_B10_3043,5
G_B10_3044,5
G_B10_3045,5
G_B10_3046,5
G_B10_3047,5
G_B10_3048,5
G_B10_3049,5
G_B10_3050,5
G_B10_3051,5
G_B10_3052,5
G_B10_3053,5
G_B10_3054,5
G_B10_3055,5
G_B10_3056,5
G_B10_3057,5
G_B10_3058,5
G_B10_3059,5
G_B10_3060,5
G_B10_3061,5
G_B10_3062,5
G_B10_3063,5
G_B10_3064,5
G_B10_3065,5
G_B10_3066,5
G_B10_3067,5
G_B10_3068,5
G_B10_3069,5
G_B10_3070,5
G_B10_3071,5
G_B10_3072,5
G_B10_3073,5
G_B10_3074,5
G_B10_3075,5
G_B10_3076,5
G_B10_3077,5
G_B10_3078,5
G_B10_3079,5
G_B10_3080,5
G_B10_3081,5
G_B10_3082,5
G_B10_3083,5
G_B10_3084,5
G_B10_3085,5
G_B10_3086,5
G_B10_3087,5
G_B10_3088,5
G_B10_3089,5
G_B10_3090,5
G_B10_3091,5
G_B10_3092,5
G_B10_3093,5
G_B10_3094,5
G_B10_3095,5
G_B10_3096,5
G_B10_3097,5
G_B10_3098,5
G_B10_3099,5
G_B10_3100,5
G_B10_3101,5
G_B10_3102,5
G_B10_3103,5
G_B10_3104,5
G_B10_3105,5
G_B10_3106,5
G_B10_3107,5
G_B10_3108,5
G_B10_3109,5
G_B10_3110,5
G_B10_3111,5
G_B10_3112,5
G_B10_3113,5
G_B10_3114,5
G_B10_3115,5
G_B10_3116,5
G_B10_3117,5
G_B10_3118,5
G_B10_3119,5
G_B10_3120,5
G_B10_3121,5
G_B10_3122,5
G_B10_3123,5
G_B10_3124,5
G_B10_3125,5
G_B10_3126,5
G_B10_3127,5
G_B10_3128,5
G_B10_3129,5
G_B10_3130,5
G_B10_3131,5
G_B10_3132,5
G_B10_3133,5
G_B10_3134,5
G_B10_3135,5
G_B10_3136,5
G_B10_3137,5
G_B10_3138,5
G_B10_3139,5
G_B10_3140,5
G_B10_3141,5
G_B10_3142,5
G_B10_3143,5
G_B10_3144,5
G_B10_3145,5
G_B10_3146,5
G_B10_3147,5
G_B10_3148,5
G_B10_3149,5
G_B10_3150,5
G_B10_3151,5
G_B10_3152,5
G_B10_3153,5
G_B10_3154,5
G_B10_3155,5
G_B10_3156,5
G_B10_3157,5
G_B10_3158,5
G_B10_3159,5
G_B10_3160,5
G_B10_3161,5
G_B10_3162,5
G_B10_3163,5
G_B10_3164,5
G_B10_3165,5
G_B10_3166,5
G_B10_3167,5
G_B10_3168,5
G_B10_3169,5
G_B10_3170,5
G_B10_3171,5
G_B10_3172,5
G_B10_3173,5
G_B10_3174,5
G_B10_3175,5
G_B10_3176,5
G_B10_3177,5
G_B10_3178,5
G_B10_3179,5
G_B10_3180,5
G_B10_3181,5
G_B10_3182,5
G_B10_3183,5
G_B10_3184,5
G_B10_3185,5
G_B10_3186,5
G_B10_3187,5
G_B10_3188,5
G_B10_3189,5
G_B10_3190,5
G_B10_3191,5
G_B10_3192,5
G_B10_3193,5
G_B10_3194,5
G_B10_3195,5
G_B10_3196,5
G_B10_3197,5
G_B10_3198,5
G_B10_3199,5
G_B10_3200,5
G_B10_3201,5
G_B10_3202,5
G_B10_3203,5
G_B10_3204,5
G_B10_3205,5
G_B10_3206,5
G_B10_3207,5
G_B10_3208,5
G_B10_3209,5
G_B10_3210,5
G_B10_3211,5
G_B10_3212,5
G_B10_3213,5
G_B10_3214,5
G_B10_3215,5
G_B10_3216,5
G_B10_3217,5
G_B10_3218,5
G_B10_3219,5
G_B10_3220,5
G_B10_3221,5
G_B10_3222,5
G_B10_3223,5
G_B10_3224,5
G_B10_3225,5
G_B10_3226,5
G_B10_3227,5
G_B10_3228,5
G_B10_3229,5
G_B10_3230,5
G_B10_3231,5
G_B10_3232,5
G_B10_3233,5
G_B10_3234,5
G_B10_3235,5
G_B10_3236,5
G_B10_3237,5
G_B10_3238,5
G_B10_3239,5
G_B10_3240,5
G_B10_3241,5
G_B10_3242,5
G_B10_3243,5
G_B10_3244,5
G_B10_3245,5
G_B10_3246,5
G_B10_3247,5
G_B10_3248,5
G_B10_3249,5
G_B10_3250,5
G_B10_3251,5
G_B10_3252,5
G_B10_3253,5
G_B10_3254,5
G_B10_3255,5
G_B10_3256,5
G_B10_3257,5
G_B10_3258,5
G_B10_3259,5
G_B10_3260,5
G_B10_3261,5
G_B10_3262,5
G_B10_3263,5
G_B10_3264,5
G_B10_3265,5
G_B10_3266,5
G_B10_3267,5
G_B10_3268,5
G_B10_3269,5
G_B10_3270,5
G_B10_3271,5
G_B10_3272,5
G_B10_3273,5
G_B10_3274,5
G_B10_3275,5
G_B10_3276,5
G_B10_3277,5
G_B10_3278,5
G_B10_3279,5
G_B10_3280,5
G_B10_3281,5
G_B10_3282,5
G_B10_3283,5
G_B10_3284,5
G_B10_3285,5
G_B10_3286,5
G_B10_3287,5
G_B10_3288,5
G_B10_3289,5
G_B10_3290,5
G_B10_3291,5
G_B10_3292,5
G_B10_3293,5
G_B10_3294,5
G_B10_3295,5
G_B10_3296,5
G_B10_3297,5
G_B10_3298,5
G_B10_3299,5
G_B10_3300,5
G_B10_3301,5
G_B10_3302,5
G_B10_3303,5
G_B10_3304,5
G_B10_3305,5
G_B10_3306,5
G_B10_3307,5
G_B10_3308,5
G_B10_3309,5
G_B10_3310,5
G_B10_3311,5
G_B10_3312,5
G_B10_3313,5
G_B10_3314,5
G_B10_3315,5
G_B10_3316,5
G_B10_3317,5
G_B10_3318,5
G_B10_3319,5
G_B10_3320,5
G_B10_3321,5
G_B10_3322,5
G_B10_3323,5
G_B10_3324,5
G_B10_3325,5
G_B10_3326,5
G_B10_3327,5
G_B10_3328,5
G_B10_3329,5
G_B10_3330,5
G_B10_3331,5
G_B10_3332,5
G_B10_3333,5
G_B10_3334,5
G_B10_3335,5
G_B10_3336,5
G_B10_3337,5
G_B10_3338,5
G_B10_3339,5
G_B10_3340,5
G_B10_3341,5
G_B10_3342,5
G_B10_3343,5
G_B10_3344,5
G_B10_3345,5
G_B10_3346,5
G_B10_3347,5
G_B10_3348,5
G_B10_3349,5
G_B10_3350,5
G_B10_3351,5
G_B10_3352,5
G_B10_3353,5
G_B10_3354,5
G_B10_3355,5
G_B10_3356,5
G_B10_3357,5
G_B10_3358,5
G_B10_3359,5
G_B10_3360,5
G_B10_3361,5
G_B10_3362,5
G_B10_3363,5
G_B10_3364,5
G_B10_3365,5
G_B10_3366,5
G_B10_3367,5
G_B10_3368,5
G_B10_3369,5
G_B10_3370,5
G_B10_3371,5
G_B10_3372,5
G_B10_3373,5
G_B10_3374,5
G_B10_3375,5
G_B10_3376,5
G_B10_3377,5
G_B10_3378,5
G_B10_3379,5
G_B10_3380,5
G_B10_3381,5
G_B10_3382,5
G_B10_3383,5
G_B10_3384,5
G_B10_3385,5
G_B10_3386,5
G_B10_3387,5
G_B10_3388,5
G_B10_3389,5
G_B10_3390,5
G_B10_3391,5
G_B10_3392,5
G_B10_3393,5
G_B10_3394,5
G_B10_3395,5
G_B10_3396,5
G_B10_3397,5
G_B10_3398,5
G_B10_3399,5
G_B10_3400,5
G_B10_3401,5
G_B10_3402,5
G_B10_3403,5
G_B10_3404,5
G_B10_3405,5
G_B10_3406,5
G_B10_3407,5
G_B10_3408,5
G_B10_3409,5
G_B10_3410,5
G_B10_3411,5
G_B10_3412,5
G_B10_3413,5
G_B10_3414,5
G_B10_3415,5
G_B10_3416,5
G_B10_3417,5
G_B10_3418,5
G_B10_3419,5
G_B10_3420,5
G_B10_3421,5
G_B10_3422,5
G_B10_3423,5
G_B10_3424,5
G_B10_3425,5
G_B10_3426,5
G_B10_3427,5
G_B10_3428,5
G_B10_3429,5
G_B10_3430,5
G_B10_3431,5
G_B10_3432,5
G_B10_3433,5
G_B10_3434,5
G_B10_3435,5
G_B10_3436,5
G_B10_3437,5
G_B10_3438,5
G_B10_3439,5
G_B10_3440,5
G_B10_3441,5
G_B10_3442,5
G_B10_3443,5
G_B10_3444,5
G_B10_3445,5
G_B10_3446,5
G_B10_3447,5
G_B10_3448,5
G_B10_3449,5
G_B10_3450,5
G_B10_3451,5
G_B10_3452,5
G_B10_3453,5
G_B10_3454,5
G_B10_3455,5
G_B10_3456,5
G_B10_3457,5
G_B10_3458,5
G_B10_3459,5
G_B10_3460,5
G_B10_3461,5
G_B10_3462,5
G_B10_3463,5
G_B10_3464,5
G_B10_3465,5
G_B10_3466,5
G_B10_3467,5
G_B10_3468,5
G_B10_3469,5
G_B10_3470,5
G_B10_3471,5
G_B10_3472,5
G_B10_3473,5
G_B10_3474,5
G_B10_3475,5
G_B10_3476,5
G_B10_3477,5
G_B10_3478,5
G_B10_3479,5
G_B10_3480,5
G_B10_3481,5
G_B10_3482,5
G_B10_3483,5
G_B10_3484,5
G_B10_3485,5
G_B10_3486,5
G_B10_3487,5
G_B10_3488,5
G_B10_3489,5
G_B10_3490,5
G_B10_3491,5
G_B10_3492,5
G_B10_3493,5
G_B10_3494,5
G_B10_3495,5
G_B10_3496,5
G_B10_3497,5
G_B10_3498,5
G_B10_3499,5
G_B10_3500,5
G_B10_3501,5
G_B10_3502,5
G_B10_3503,5
G_B10_3504,5
G_B10_3505,5
G_B10_3506,5
G_B10_3507,5
G_B10_3508,5
G_B10_3509,5
G_B10_3510,5
G_B10_3511,5
G_B10_3512,5
G_B10_3513,5
G_B10_3514,5
G_B10_3515,5
G_B10_3516,5
G_B10_3517,5
G_B10_3518,5
G_B10_3519,5
G_B10_3520,5
G_B10_3521,5
G_B10_3522,5
G_B10_3523,5
G_B10_3524,5
G_B10_3525,5
G_B10_3526,5
G_B10_3527,5
G_B10_3528,5
G_B10_3529,5
G_B10_3530,5
G_B10_3531,5
G_B10_3532,5
G_B10_3533,5
G_B10_3534,5
G_B10_3535,5
G_B10_3536,5
G_B10_3537,5
G_B10_3538,5
G_B10_3539,5
G_B10_3540,5
G_B10_3541,5
G_B10_3542,5
G_B10_3543,5
G_B10_3544,5
G_B10_3545,5
G_B10_3546,5
G_B10_3547,5
G_B10_3548,5
G_B10_3549,5
G_B10_3550,5
G_B10_3551,5
G_B10_3552,5
G_B10_3553,5
G_B10_3554,5
G_B10_3555,5
G_B10_3556,5
G_B10_3557,5
G_B10_3558,5
G_B10_3559,5
G_B10_3560,5
G_B10_3561,5
G_B10_3562,5
G_B10_3563,5
G_B10_3564,5
G_B10_3565,5
G_B10_3566,5
G_B10_3567,5
G_B10_3568,5
G_B10_3569,5
G_B10_3570,5
G_B10_3571,5
G_B10_3572,5
G_B10_3573,5
G_B10_3574,5
G_B10_3575,5
G_B10_3576,5
G_B10_3577,5
G_B10_3578,5
G_B10_3579,5
G_B10_3580,5
G_B10_3581,5
G_B10_3582,5
G_B10_3583,5
G_B10_3584,5
G_B10_3585,5
G_B10_3586,5
G_B10_3587,5
G_B10_3588,5
G_B10_3589,5
G_B10_3590,5
G_B10_3591,5
G_B10_3592,5
G_B10_3593,5
G_B10_3594,5
G_B10_3595,5
G_B10_3596,5
G_B10_3597,5
G_B10_3598,5
G_B10_3599,5
G_B10_3600,5
